college_id,college_name,college_type,location,affiliated_university,year_established,accreditation,courses_offered,degree_programs_offered,government_funding,mode_of_study,hostel_facilities,tuition_fees,scholarships_available,contact_number,email_address,website_url,admission_process,placement_assistance,student_capacity,region,infrastructure,ranking,college_type.1,accredited_by,last_updated,min_percentage_required,entrance_exam_required,has_entrance_exam,apply_link,min_qualification
HRY001,government college hisar,arts & science,hisar,chaudhary devi lal university,1954.0,naac a,"b.a., b.sc., b.com, m.a., m.sc.","ug, pg",state government,regular,yes (boys & girls),8500,yes (sc/bc/ews/sports),01662-234567,gchisar@haryana.gov.in,www.gchisar.ac.in,merit + cdlu cet,yes,3500,hisar division,"labs, library, sports, computer center",12,Government,naac,2025-01-15,45,CDLU CET (PG),True,http://gchisar.edu.in/,"ug, pg"
HRY002,government college rohtak,arts & science,rohtak,maharshi dayanand university,1948.0,naac a+,"b.a., b.sc., b.com, m.a., m.sc., m.com","ug, pg",state government,regular,yes (boys & girls),7800,yes (sc/bc/ews/merit),01262-270123,gcrohtak@haryana.gov.in,www.gcrohtak.ac.in,merit + mdu cet,yes,4200,rohtak division,"smart classrooms, labs, auditorium, library",5,Government,naac,2025-01-20,50,MDU CET (PG),True,http://gpgcw.ac.in/,"ug, pg"
HRY003,rajkiya mahavidyalaya ambala city,arts & science,ambala,kurukshetra university,1960.0,naac b++,"b.a., b.sc., b.com",ug,state government,regular,yes (girls only),7200,yes (sc/bc/ews),0171-2630456,rmambala@haryana.gov.in,www.rmambala.ac.in,merit-based,no,2500,ambala division,"library, computer lab, sports",28,Government,naac,2025-02-01,45,No,True,http://gcambalacantthry.edu.in/,ug
HRY004,government college karnal,arts & science,karnal,kurukshetra university,1955.0,naac a,"b.a., b.sc., b.com, m.a., m.sc.","ug, pg",state government,regular,yes (boys & girls),8000,yes (sc/bc/ews/sports/ncc),0184-2260789,gckarnal@haryana.gov.in,www.gckarnal.ac.in,merit + ku cet,yes,3800,karnal division,"labs, library, ncc unit, sports complex",10,Government,naac,2025-01-25,45,KU CET (PG),True,http://ptclsgckarnal.ac.in/,"ug, pg"
HRY005,government college panipat,arts & science,panipat,kurukshetra university,1958.0,naac b+,"b.a., b.sc., b.com, m.a.","ug, pg",state government,regular,yes (boys),7500,yes (sc/bc/ews),0180-2640321,gcpanipat@haryana.gov.in,www.gcpanipat.ac.in,merit-based,no,2800,karnal division,"library, computer lab, playground",22,Government,naac,2025-02-10,45,No,True,http://dbggcpnp.ac.in/,"ug, pg"
HRY006,government polytechnic faridabad,polytechnic,faridabad,board of technical education haryana,1963.0,nba,"diploma in mechanical, civil, electrical, it, ece",diploma,state government,regular,yes (boys),12000,yes (sc/bc/ews/iti),0129-2291234,gpfaridabad@haryana.gov.in,www.gpfaridabad.ac.in,hstes polytechnic entrance,yes,1800,faridabad division,"workshops, labs, computer center",8,Government Polytechnic,nba,2025-01-30,35,HSTES Polytechnic,True,https://admissions.highereduhry.ac.in/Homewww.gpwfaridabad.edu.in/,diploma
HRY007,government college for women gurugram,women's college,gurugram,maharshi dayanand university,1972.0,naac a,"b.a., b.sc., b.com, bba, bca, m.a., m.com","ug, pg",state government,regular,yes (girls only),9000,yes (sc/bc/ews/merit),0124-2322567,gcwgurugram@haryana.gov.in,www.gcwgurugram.ac.in,merit + mdu cet,yes,3200,gurugram division,"smart labs, library, cafeteria, sports",7,Government Women's College,naac,2025-02-05,50,MDU CET (PG),True,http://gcggn.ac.in/,"ug, pg"
HRY008,rajkiya engineering college bhiwani,engineering,bhiwani,dcrust murthal,2010.0,nba,"b.tech (cs, me, ce, ee, ece)",ug,state government,regular,yes (boys & girls),68000,yes (sc/bc/ews/sports),01664-244100,recbhiwani@haryana.gov.in,www.recbhiwani.ac.in,jee main + hstes,yes,900,hisar division,"modern labs, wi-fi campus, library, hostels",18,Government Engineering College,nba,2025-01-10,60,JEE Main,True,http://gcbhiwani.ac.in/,ug
HRY009,government medical college nuh,medical,nuh,pgims rohtak,2018.0,nmc approved,mbbs,ug,state government,regular,yes (boys & girls),25000,yes (sc/bc/ews),01267-220456,gmcnuh@haryana.gov.in,www.gmcnuh.ac.in,neet ug + state counselling,yes,600,gurugram division,"hospital, labs, library, simulation center",15,Government Medical College,nmc,2025-02-15,50,NEET UG,True,https://admissions.highereduhry.ac.in/Homegmcmewat.ac.in/,ug
HRY010,government college sirsa,arts & science,sirsa,chaudhary devi lal university,1959.0,naac b++,"b.a., b.sc., b.com, m.a., m.sc.","ug, pg",state government,regular,yes (boys & girls),7600,yes (sc/bc/ews/sports),01666-247890,gcsirsa@haryana.gov.in,www.gcsirsa.ac.in,merit + cdlu cet,yes,3000,hisar division,"labs, library, sports ground, auditorium",20,Government,naac,2025-01-18,45,CDLU CET (PG),True,https://admissions.highereduhry.ac.in/Homegncsirsa.com/,"ug, pg"
HRY011,government college pehowa,arts & science,pehowa,kurukshetra university,,naac b,"b.a., b.sc., b.com",ug,state government,regular,no,6800,yes (sc/bc/ews),01741-265432,gcpehowa@haryana.gov.in,www.gcpehowa.ac.in,merit-based,no,1500,ambala division,"library, basic labs, playground",45,Government,naac,2025-02-20,40,No,True,Government College Pehowa,ug
HRY012,government college for women hisar,women's college,hisar,chaudhary devi lal university,1965.0,naac a,"b.a., b.sc., b.com, bca, m.a., m.sc.","ug, pg",state government,regular,yes (girls only),8200,yes (sc/bc/ews/merit),01662-231456,gcwhisar@haryana.gov.in,www.gcwhisar.ac.in,merit + cdlu cet,yes,2800,hisar division,"labs, library, computer center, sports",11,Government Women's College,naac,2025-01-22,45,CDLU CET (PG),True,http://gcwhisar.ac.in/,"ug, pg"
HRY013,government pharmacy college rohtak,pharmacy,rohtak,pgims rohtak,2005.0,pci approved,"b.pharma, d.pharma","ug, diploma",state government,regular,yes (boys & girls),32000,yes (sc/bc/ews),01262-275678,gpcrohtak@haryana.gov.in,www.gpcrohtak.ac.in,neet + state counselling,yes,600,rohtak division,"pharmacy labs, library, research facility",16,Government Pharmacy College,pci,2025-02-08,50,NEET (B.Pharma),True,https://admissions.highereduhry.ac.in/Homewww.copuhsr.in/,"ug, diploma"
HRY014,government college fatehabad,arts & science,fatehabad,chaudhary devi lal university,1971.0,naac b+,"b.a., b.sc., b.com, m.a.","ug, pg",state government,regular,yes (boys),7100,yes (sc/bc/ews/sports),01667-221345,gcfatehabad@haryana.gov.in,www.gcfatehabad.ac.in,merit-based,no,2200,hisar division,"library, labs, sports ground",30,Government,naac,2025-01-28,40,No,True,http://gcfatehabad.ac.in/,"ug, pg"
HRY015,government college palwal,arts & science,palwal,maharshi dayanand university,1978.0,naac b+,"b.a., b.sc., b.com, bca",ug,state government,regular,yes (boys & girls),7400,yes (sc/bc/ews),01275-242567,gcpalwal@haryana.gov.in,www.gcpalwal.ac.in,merit-based,no,2000,gurugram division,"library, computer lab, basic sports",32,Government,naac,2025-02-12,40,No,True,http://gcpalwal.ac.in/,ug
HRY016,crs government college jind,arts & science,jind,maharshi dayanand university,1961.0,naac a,"b.a., b.sc., b.com, bba, bca, m.a., m.sc.","ug, pg",state government,regular,yes (boys & girls),8100,yes (sc/bc/ews/sports/merit),01681-244234,crsgcjind@haryana.gov.in,www.crsgcjind.ac.in,merit + mdu cet,yes,3600,rohtak division,"labs, library, auditorium, sports, ncc",9,Government,naac,2025-01-12,45,MDU CET (PG),True,https://admissions.highereduhry.ac.in/Homecrsu.ac.in/,"ug, pg"
HRY017,government degree college nuh,arts & science,nuh,maharshi dayanand university,2006.0,naac b,"b.a., b.com, bca",ug,state government,regular,no,6500,yes (sc/bc/ews/minority),01267-225678,gdcnuh@haryana.gov.in,www.gdcnuh.ac.in,merit-based,no,1200,gurugram division,"library, basic labs, playground",50,Government,naac,2025-02-18,40,No,True,https://admissions.highereduhry.ac.in/Homecrsu.ac.in/,ug
HRY018,government polytechnic ambala,polytechnic,ambala,board of technical education haryana,1958.0,nba,"diploma in mechanical, civil, electrical, cs",diploma,state government,regular,yes (boys),11000,yes (sc/bc/ews/iti),0171-2641567,gpambala@haryana.gov.in,www.gpambala.ac.in,hstes polytechnic entrance,yes,1500,ambala division,"workshops, labs, computer center, library",14,Government Polytechnic,nba,2025-01-16,35,HSTES Polytechnic,True,https://admissions.highereduhry.ac.in/Homekuk.ac.in/admission,diploma
HRY019,government college for women rohtak,women's college,rohtak,maharshi dayanand university,1958.0,naac a+,"b.a., b.sc., b.com, bba, bca, m.a., m.sc., m.com","ug, pg",state government,regular,yes (girls only),8700,yes (sc/bc/ews/merit/sports),01262-260890,gcwrohtak@haryana.gov.in,www.gcwrohtak.ac.in,merit + mdu cet,yes,4500,rohtak division,"smart labs, digital library, auditorium, sports",4,Government Women's College,naac,2025-01-05,50,MDU CET (PG),True,http://gpgcw.ac.in/,"ug, pg"
HRY020,government engineering college panchkula,engineering,panchkula,dcrust murthal,2012.0,nba,"b.tech (cs, me, ce, ee)",ug,state government,regular,yes (boys & girls),65000,yes (sc/bc/ews/sports),0172-2590234,gecpanchkula@haryana.gov.in,www.gecpanchkula.ac.in,jee main + hstes,yes,720,ambala division,"modern labs, wi-fi campus, digital library",20,Government Engineering College,nba,2025-02-03,60,JEE Main,True,https://sietpanchkula.ac.in/,ug
HRY021,government college kaithal,arts & science,kaithal,kurukshetra university,1966.0,naac b+,"b.a., b.sc., b.com, m.a.","ug, pg",state government,regular,yes (boys & girls),7300,yes (sc/bc/ews),01746-234890,gckaithal@haryana.gov.in,www.gckaithal.ac.in,merit + ku cet,no,2600,ambala division,"library, labs, sports ground",26,Government,naac,2025-02-14,45,KU CET (PG),True,http://gckaithal.ac.in/,"ug, pg"
HRY022,government college for women karnal,women's college,karnal,kurukshetra university,1966.0,naac a,"b.a., b.sc., b.com, bca, m.a.","ug, pg",state government,regular,yes (girls only),8300,yes (sc/bc/ews/merit),0184-2268901,gcwkarnal@haryana.gov.in,www.gcwkarnal.ac.in,merit + ku cet,yes,2700,karnal division,"labs, library, auditorium, sports",13,Government Women's College,naac,2025-01-19,45,KU CET (PG),True,http://gcwkarnal.ac.in/,"ug, pg"
HRY023,government polytechnic faridabad (girls),polytechnic,faridabad,board of technical education haryana,1980.0,nba,"diploma in cs, it, ece, fashion design",diploma,state government,regular,yes (girls only),11500,yes (sc/bc/ews),0129-2290123,gpgfaridabad@haryana.gov.in,www.gpgfaridabad.ac.in,hstes polytechnic entrance,yes,900,faridabad division,"labs, workshops, library",24,Government Polytechnic,nba,2025-02-06,35,HSTES Polytechnic,True,https://searchmycollege.com/college/government-polytechnic-for-women-faridabad-062785900-1762320240,diploma
HRY024,government college narwana,arts & science,narwana,chaudhary devi lal university,1973.0,naac b,"b.a., b.sc., b.com",ug,state government,regular,no,6600,yes (sc/bc/ews),01681-250234,gcnarwana@haryana.gov.in,www.gcnarwana.ac.in,merit-based,no,1600,hisar division,"library, basic labs, playground",48,Government,naac,2025-02-22,40,No,True,http://kmgcnarwana.edu.in/,ug
HRY025,government college rewari,arts & science,rewari,maharshi dayanand university,1969.0,naac b+,"b.a., b.sc., b.com, m.a.","ug, pg",state government,regular,yes (boys),7200,yes (sc/bc/ews/sports),01274-225678,gcrewari@haryana.gov.in,www.gcrewari.ac.in,merit-based,no,2300,rohtak division,"library, labs, sports ground",33,Government,naac,2025-01-26,40,No,True,http://gcrewari.ac.in/Home,"ug, pg"
HRY026,government college for women sirsa,women's college,sirsa,chaudhary devi lal university,1970.0,naac b++,"b.a., b.sc., b.com, m.a.","ug, pg",state government,regular,yes (girls only),7800,yes (sc/bc/ews/merit),01666-242345,gcwsirsa@haryana.gov.in,www.gcwsirsa.ac.in,merit + cdlu cet,no,2400,hisar division,"library, computer lab, sports",27,Government Women's College,naac,2025-02-16,45,CDLU CET (PG),True,https://admissions.highereduhry.ac.in/Home,"ug, pg"
HRY027,government engineering college bhiwani,engineering,bhiwani,dcrust murthal,2013.0,nba,"b.tech (cs, me, ce)",ug,state government,regular,yes (boys & girls),66000,yes (sc/bc/ews),01664-241567,gecbhiwani@haryana.gov.in,www.gecbhiwani.ac.in,jee main + hstes,yes,600,hisar division,"labs, wi-fi campus, library",22,Government Engineering College,nba,2025-01-14,60,JEE Main,True,https://admissions.highereduhry.ac.in/Home,ug
HRY028,government college hansi,arts & science,hansi,chaudhary devi lal university,1964.0,naac b,"b.a., b.sc., b.com",ug,state government,regular,yes (boys),6900,yes (sc/bc/ews),01664-256789,gchansi@haryana.gov.in,www.gchansi.ac.in,merit-based,no,1800,hisar division,"library, labs, playground",42,Government,naac,2025-02-19,40,No,True,https://admissions.highereduhry.ac.in/Home,ug
HRY029,government college for women panipat,women's college,panipat,kurukshetra university,1967.0,naac b+,"b.a., b.sc., b.com, bca",ug,state government,regular,yes (girls only),7600,yes (sc/bc/ews/merit),0180-2641234,gcwpanipat@haryana.gov.in,www.gcwpanipat.ac.in,merit-based,no,2100,karnal division,"library, computer lab, sports",34,Government Women's College,naac,2025-02-09,40,No,True,https://admissions.highereduhry.ac.in/Homekuk.ac.in/admission,ug
HRY030,government medical college bhiwani,medical,bhiwani,pgims rohtak,2016.0,nmc approved,"mbbs, md (select)","ug, pg",state government,regular,yes (boys & girls),26000,yes (sc/bc/ews/sports),01664-248901,gmcbhiwani@haryana.gov.in,www.gmcbhiwani.ac.in,neet ug + state counselling,yes,750,hisar division,"hospital, labs, library, icu training",13,Government Medical College,nmc,2025-01-08,50,NEET UG,True,https://admissions.highereduhry.ac.in/Homeuhsr.ac.in/admission,"ug, pg"
HRY031,government college kurukshetra,arts & science,kurukshetra,kurukshetra university,1957.0,naac a,"b.a., b.sc., b.com, m.a., m.sc.","ug, pg",state government,regular,yes (boys & girls),8200,yes (sc/bc/ews/sports),01744-220567,gckurukshetra@haryana.gov.in,www.gckurukshetra.ac.in,merit + ku cet,yes,3400,ambala division,"labs, library, ncc, auditorium",8,Government,naac,2025-01-17,45,KU CET (PG),True,https://admissions.highereduhry.ac.in/Homekuk.ac.in/admission,"ug, pg"
HRY032,government college bahadurgarh,arts & science,bahadurgarh,maharshi dayanand university,1966.0,naac b+,"b.a., b.sc., b.com, m.a.","ug, pg",state government,regular,yes (boys),7300,yes (sc/bc/ews),01276-240678,gcbahadurgarh@haryana.gov.in,www.gcbahadurgarh.ac.in,merit-based,no,2400,rohtak division,"library, labs, sports ground",29,Government,naac,2025-02-11,45,No,True,http://gcbahadurgarh.ac.in/,"ug, pg"
HRY033,government polytechnic panipat,polytechnic,panipat,board of technical education haryana,1965.0,nba,"diploma in mechanical, civil, chemical, cs",diploma,state government,regular,yes (boys),11200,yes (sc/bc/ews/iti),0180-2643456,gppanipat@haryana.gov.in,www.gppanipat.ac.in,hstes polytechnic entrance,yes,1200,karnal division,"workshops, labs, computer center",17,Government Polytechnic,nba,2025-01-23,35,HSTES Polytechnic,True,https://gpjattal.ac.in/,diploma
HRY034,government college for women jhajjar,women's college,jhajjar,maharshi dayanand university,1975.0,naac b+,"b.a., b.sc., b.com",ug,state government,regular,yes (girls only),7100,yes (sc/bc/ews/merit),01251-253456,gcwjhajjar@haryana.gov.in,www.gcwjhajjar.ac.in,merit-based,no,1700,rohtak division,"library, computer lab, sports",37,Government Women's College,naac,2025-02-17,40,No,True,http://macw.ac.in/,ug
HRY035,government engineering college nilokheri,engineering,nilokheri,dcrust murthal,2014.0,nba,"b.tech (cs, me, ce, ee)",ug,state government,regular,yes (boys & girls),64000,yes (sc/bc/ews),01745-272890,gecnilokheri@haryana.gov.in,www.gecnilokheri.ac.in,jee main + hstes,yes,480,karnal division,"labs, wi-fi campus, library",25,Government Engineering College,nba,2025-01-21,60,JEE Main,True,https://gecnilokheri.ac.in/,ug
HRY036,government college loharu,arts & science,loharu,chaudhary devi lal university,1976.0,naac b,"b.a., b.sc., b.com",ug,state government,regular,no,6700,yes (sc/bc/ews),01255-222345,gcloharu@haryana.gov.in,www.gcloharu.ac.in,merit-based,no,1300,hisar division,"library, basic labs",52,Government,naac,2025-02-23,40,No,True,http://cblgcloharu.ac.in/,ug
HRY037,government college sonipat,arts & science,sonipat,maharshi dayanand university,1962.0,naac a,"b.a., b.sc., b.com, m.a., m.sc., bca","ug, pg",state government,regular,yes (boys & girls),8000,yes (sc/bc/ews/sports),0130-2232567,gcsonipat@haryana.gov.in,www.gcsonipat.ac.in,merit + mdu cet,yes,3700,rohtak division,"labs, library, auditorium, sports",6,Government,naac,2025-01-09,45,MDU CET (PG),True,http://gcwsonipat.ac.in/,"ug, pg"
HRY038,government college for women sonipat,women's college,sonipat,maharshi dayanand university,1968.0,naac a,"b.a., b.sc., b.com, m.a., m.sc.","ug, pg",state government,regular,yes (girls only),8100,yes (sc/bc/ews/merit),0130-2220890,gcwsonipat@haryana.gov.in,www.gcwsonipat.ac.in,merit + mdu cet,yes,2900,rohtak division,"labs, library, computer center, sports",10,Government Women's College,naac,2025-01-13,45,MDU CET (PG),True,http://gcwsonipat.ac.in/,"ug, pg"
HRY039,government polytechnic hisar,polytechnic,hisar,board of technical education haryana,1960.0,nba,"diploma in mechanical, civil, electrical, ece, cs",diploma,state government,regular,yes (boys),11800,yes (sc/bc/ews/iti),01662-237890,gphisar@haryana.gov.in,www.gphisar.ac.in,hstes polytechnic entrance,yes,1600,hisar division,"workshops, labs, computer center",11,Government Polytechnic,nba,2025-01-27,35,HSTES Polytechnic,True,http://gcwsonipat.ac.in/,diploma
HRY040,government college tosham,arts & science,tosham,chaudhary devi lal university,1977.0,naac b,"b.a., b.sc., b.com",ug,state government,regular,no,6600,yes (sc/bc/ews),01255-262345,gctosham@haryana.gov.in,www.gctosham.ac.in,merit-based,no,1400,hisar division,"library, basic labs",55,Government,naac,2025-02-24,40,No,True,http://gcwsonipat.ac.in/,ug
HRY041,government college mahendragarh,arts & science,mahendragarh,maharshi dayanand university,1970.0,naac b+,"b.a., b.sc., b.com, m.a.","ug, pg",state government,regular,yes (boys),7100,yes (sc/bc/ews),01285-252678,gcmahendragarh@haryana.gov.in,www.gcmahendragarh.ac.in,merit-based,no,2000,rohtak division,"library, labs, sports ground",36,Government,naac,2025-02-13,40,No,True,http://gcmahendergarh.ac.in/,"ug, pg"
HRY042,government college for women kaithal,women's college,kaithal,kurukshetra university,1969.0,naac b+,"b.a., b.sc., b.com, bca",ug,state government,regular,yes (girls only),7400,yes (sc/bc/ews/merit),01746-231567,gcwkaithal@haryana.gov.in,www.gcwkaithal.ac.in,merit-based,no,1900,ambala division,"library, computer lab, sports",35,Government Women's College,naac,2025-02-07,40,No,True,https://nuh.gov.in/public-utility-category/colleges/,ug
HRY043,government medical college panchkula,medical,panchkula,pgims rohtak,2019.0,nmc approved,mbbs,ug,state government,regular,yes (boys & girls),27000,yes (sc/bc/ews),0172-2594567,gmcpanchkula@haryana.gov.in,www.gmcpanchkula.ac.in,neet ug + state counselling,yes,500,ambala division,"hospital, labs, library, ot training",17,Government Medical College,nmc,2025-02-02,50,NEET UG,True,https://nuh.gov.in/public-utility-category/colleges/,ug
HRY044,government engineering college palwal,engineering,palwal,dcrust murthal,2015.0,nba,"b.tech (cs, me, ce)",ug,state government,regular,yes (boys & girls),63000,yes (sc/bc/ews/sports),01275-248901,gecpalwal@haryana.gov.in,www.gecpalwal.ac.in,jee main + hstes,yes,480,gurugram division,"labs, wi-fi campus, library",26,Government Engineering College,nba,2025-01-31,60,JEE Main,True,https://nuh.gov.in/public-utility-category/colleges/,ug
HRY045,government college pinjore,arts & science,pinjore,kurukshetra university,1978.0,naac b,"b.a., b.com, bca",ug,state government,regular,no,6800,yes (sc/bc/ews),01733-234678,gcpinjore@haryana.gov.in,www.gcpinjore.ac.in,merit-based,no,1300,ambala division,"library, computer lab",49,Government,naac,2025-02-25,40,No,True,https://nuh.gov.in/public-utility-category/colleges/,ug
HRY046,government college adampur,arts & science,adampur,chaudhary devi lal university,1980.0,naac b,"b.a., b.sc., b.com",ug,state government,regular,no,6700,yes (sc/bc/ews),01664-281234,gcadampur@haryana.gov.in,www.gcadampur.ac.in,merit-based,no,1400,hisar division,"library, basic labs",51,Government,naac,2025-02-26,40,No,True,https://nuh.gov.in/public-utility-category/colleges/,ug
HRY047,government college for women kurukshetra,women's college,kurukshetra,kurukshetra university,1963.0,naac a,"b.a., b.sc., b.com, bca, m.a., m.sc.","ug, pg",state government,regular,yes (girls only),8000,yes (sc/bc/ews/merit),01744-220123,gcwkurukshetra@haryana.gov.in,www.gcwkurukshetra.ac.in,merit + ku cet,yes,2600,ambala division,"labs, library, auditorium, sports",12,Government Women's College,naac,2025-01-24,45,KU CET (PG),True,https://nuh.gov.in/public-utility-category/colleges/,"ug, pg"
HRY048,government polytechnic rohtak,polytechnic,rohtak,board of technical education haryana,1962.0,nba,"diploma in mechanical, civil, electrical, cs, ece",diploma,state government,regular,yes (boys),11500,yes (sc/bc/ews/iti),01262-274567,gprohtak@haryana.gov.in,www.gprohtak.ac.in,hstes polytechnic entrance,yes,1400,rohtak division,"workshops, labs, computer center",15,Government Polytechnic,nba,2025-01-29,35,HSTES Polytechnic,True,https://nuh.gov.in/public-utility-category/colleges/,diploma
HRY049,government college thanesar,arts & science,thanesar,kurukshetra university,1961.0,naac b++,"b.a., b.sc., b.com, m.a.","ug, pg",state government,regular,yes (boys),7600,yes (sc/bc/ews/sports),01744-233456,gcthanesar@haryana.gov.in,www.gcthanesar.ac.in,merit + ku cet,yes,2700,ambala division,"labs, library, sports ground",21,Government,naac,2025-01-20,45,KU CET (PG),True,https://www.justdial.com/Kurukshetra/Government-Colleges-in-Thanesar/nct-11172516,"ug, pg"
HRY050,government college naraingarh,arts & science,naraingarh,kurukshetra university,1974.0,naac b,"b.a., b.sc., b.com",ug,state government,regular,no,6800,yes (sc/bc/ews),01734-253901,gcnaraingarh@haryana.gov.in,www.gcnaraingarh.ac.in,merit-based,no,1500,ambala division,"library, basic labs",46,Government,naac,2025-02-27,40,No,True,http://gcnaraingarh.edu.in/,ug
HRY051,government college ellenabad,arts & science,ellenabad,chaudhary devi lal university,1979.0,naac b,"b.a., b.sc., b.com",ug,state government,regular,no,6600,yes (sc/bc/ews),01668-280456,gcellenabad@haryana.gov.in,www.gcellenabad.ac.in,merit-based,no,1300,hisar division,"library, basic labs",53,Government,naac,2025-02-28,40,No,True,https://admissions.highereduhry.ac.in/Home,ug
HRY052,government college for women rewari,women's college,rewari,maharshi dayanand university,1971.0,naac b+,"b.a., b.sc., b.com",ug,state government,regular,yes (girls only),7200,yes (sc/bc/ews/merit),01274-220789,gcwrewari@haryana.gov.in,www.gcwrewari.ac.in,merit-based,no,1800,rohtak division,"library, computer lab, sports",38,Government Women's College,naac,2025-02-04,40,No,True,https://admissions.highereduhry.ac.in/SearchCollege,ug
HRY053,government engineering college ambala,engineering,ambala,dcrust murthal,2011.0,nba,"b.tech (cs, me, ce, ee, ece)",ug,state government,regular,yes (boys & girls),66000,yes (sc/bc/ews/sports),0171-2646789,gecambala@haryana.gov.in,www.gecambala.ac.in,jee main + hstes,yes,840,ambala division,"labs, wi-fi campus, library, hostels",19,Government Engineering College,nba,2025-01-06,60,JEE Main,True,https://engineering.careers360.com/colleges/list-of-government-engineering-colleges-in-ambala,ug
HRY054,government college siwani,arts & science,siwani,chaudhary devi lal university,1983.0,naac b,"b.a., b.com",ug,state government,regular,no,6500,yes (sc/bc/ews),01255-290123,gcsiwani@haryana.gov.in,www.gcsiwani.ac.in,merit-based,no,1100,hisar division,"library, basic labs",57,Government,naac,2025-03-01,40,No,True,https://admissions.highereduhry.ac.in/Home,ug
HRY055,government dental college panchkula,dental,panchkula,pgims rohtak,2015.0,dci approved,bds,ug,state government,regular,yes (boys & girls),24000,yes (sc/bc/ews),0172-2591234,gdcpanchkula@haryana.gov.in,www.gdcpanchkula.ac.in,neet ug + state counselling,yes,400,ambala division,"dental labs, hospital, library",19,Government Dental College,dci,2025-02-03,50,NEET UG,True,https://admissions.highereduhry.ac.in/Home,ug
HRY056,government college hodal,arts & science,hodal,maharshi dayanand university,1981.0,naac b,"b.a., b.com, bca",ug,state government,regular,no,6700,yes (sc/bc/ews),01275-259678,gchodal@haryana.gov.in,www.gchodal.ac.in,merit-based,no,1200,gurugram division,"library, basic labs",54,Government,naac,2025-03-02,40,No,True,https://admissions.highereduhry.ac.in/Home,ug
HRY057,government college for women bhiwani,women's college,bhiwani,maharshi dayanand university,1968.0,naac b++,"b.a., b.sc., b.com, m.a.","ug, pg",state government,regular,yes (girls only),7800,yes (sc/bc/ews/merit),01664-240567,gcwbhiwani@haryana.gov.in,www.gcwbhiwani.ac.in,merit + mdu cet,no,2300,hisar division,"library, labs, computer center",29,Government Women's College,naac,2025-01-11,45,MDU CET (PG),True,https://admissions.highereduhry.ac.in/Home,"ug, pg"
HRY058,government college assandh,arts & science,assandh,kurukshetra university,1976.0,naac b,"b.a., b.sc., b.com",ug,state government,regular,no,6700,yes (sc/bc/ews),01742-232890,gcassandh@haryana.gov.in,www.gcassandh.ac.in,merit-based,no,1300,karnal division,"library, basic labs",56,Government,naac,2025-03-03,40,No,True,https://admissions.highereduhry.ac.in/Home,ug
HRY059,government college gohana,arts & science,gohana,maharshi dayanand university,1972.0,naac b+,"b.a., b.sc., b.com, m.a.","ug, pg",state government,regular,yes (boys),7200,yes (sc/bc/ews),01263-252123,gcgohana@haryana.gov.in,www.gcgohana.ac.in,merit-based,no,2100,rohtak division,"library, labs, sports ground",31,Government,naac,2025-01-22,40,No,True,http://gcwgohana.ac.in/,"ug, pg"
HRY060,government polytechnic karnal,polytechnic,karnal,board of technical education haryana,1964.0,nba,"diploma in mechanical, civil, electrical, ece",diploma,state government,regular,yes (boys),11300,yes (sc/bc/ews/iti),0184-2268456,gpkarnal@haryana.gov.in,www.gpkarnal.ac.in,hstes polytechnic entrance,yes,1200,karnal division,"workshops, labs, computer center",16,Government Polytechnic,nba,2025-01-30,35,HSTES Polytechnic,True,https://admissions.highereduhry.ac.in/Home,diploma
HRY061,government college rania,arts & science,rania,chaudhary devi lal university,1984.0,naac b,"b.a., b.com",ug,state government,regular,no,6500,yes (sc/bc/ews),01668-275678,gcrania@haryana.gov.in,www.gcrania.ac.in,merit-based,no,1000,hisar division,"library, basic labs",58,Government,naac,2025-03-04,40,No,True,https://admissions.highereduhry.ac.in/Home,ug
HRY062,government college for women fatehabad,women's college,fatehabad,chaudhary devi lal university,1972.0,naac b+,"b.a., b.sc., b.com",ug,state government,regular,yes (girls only),7100,yes (sc/bc/ews/merit),01667-224567,gcwfatehabad@haryana.gov.in,www.gcwfatehabad.ac.in,merit-based,no,1700,hisar division,"library, computer lab, sports",39,Government Women's College,naac,2025-02-04,40,No,True,https://admissions.highereduhry.ac.in/Home,ug
HRY063,government engineering college faridabad,engineering,faridabad,dcrust murthal,2013.0,nba,"b.tech (cs, me, ce, ee)",ug,state government,regular,yes (boys & girls),67000,yes (sc/bc/ews/sports),0129-2297890,gecfaridabad@haryana.gov.in,www.gecfaridabad.ac.in,jee main + hstes,yes,720,faridabad division,"labs, wi-fi campus, library, hostels",21,Government Engineering College,nba,2025-01-07,60,JEE Main,True,https://admissions.highereduhry.ac.in/Home,ug
HRY064,government college israna,arts & science,israna,kurukshetra university,1985.0,naac b,"b.a., b.com",ug,state government,regular,no,6500,yes (sc/bc/ews),01742-280234,gcisrana@haryana.gov.in,www.gcisrana.ac.in,merit-based,no,1000,karnal division,"library, basic labs",59,Government,naac,2025-03-05,40,No,True,https://admissions.highereduhry.ac.in/Home,ug
HRY065,government college uchana,arts & science,uchana,maharshi dayanand university,1982.0,naac b,"b.a., b.com",ug,state government,regular,no,6600,yes (sc/bc/ews),01681-272456,gcuchana@haryana.gov.in,www.gcuchana.ac.in,merit-based,no,1000,hisar division,"library, basic labs",60,Government,naac,2025-03-06,40,No,True,https://admissions.highereduhry.ac.in/Home,ug
HRY066,government college for women jind,women's college,jind,maharshi dayanand university,1970.0,naac b+,"b.a., b.sc., b.com, bca",ug,state government,regular,yes (girls only),7300,yes (sc/bc/ews/merit),01681-241234,gcwjind@haryana.gov.in,www.gcwjind.ac.in,merit-based,no,1900,rohtak division,"library, computer lab, sports",36,Government Women's College,naac,2025-02-08,40,No,True,https://admissions.highereduhry.ac.in/Home,ug
HRY067,government polytechnic jind,polytechnic,jind,board of technical education haryana,1967.0,nba,"diploma in mechanical, civil, electrical, cs",diploma,state government,regular,yes (boys),11100,yes (sc/bc/ews/iti),01681-243789,gpjind@haryana.gov.in,www.gpjind.ac.in,hstes polytechnic entrance,yes,1200,rohtak division,"workshops, labs, computer center",18,Government Polytechnic,nba,2025-01-31,35,HSTES Polytechnic,True,https://admissions.highereduhry.ac.in/Home,diploma
HRY068,government medical college mahindergarh,medical,mahendragarh,pgims rohtak,2020.0,nmc approved,mbbs,ug,state government,regular,yes (boys & girls),26500,yes (sc/bc/ews),01285-258901,gmcmahindergarh@haryana.gov.in,www.gmcmahindergarh.ac.in,neet ug + state counselling,yes,500,rohtak division,"hospital, labs, library",20,Government Medical College,nmc,2025-02-16,50,NEET UG,True,https://admissions.highereduhry.ac.in/Home,ug
HRY069,government college shahabad markanda,arts & science,shahabad,kurukshetra university,1975.0,naac b,"b.a., b.sc., b.com",ug,state government,regular,no,6700,yes (sc/bc/ews),01744-277567,gcshahabad@haryana.gov.in,www.gcshahabad.ac.in,merit-based,no,1400,ambala division,"library, basic labs",47,Government,naac,2025-03-07,40,No,True,https://admissions.highereduhry.ac.in/Home,ug
HRY070,government college for women sonipat (new),women's college,sonipat,maharshi dayanand university,2004.0,naac b+,"b.a., b.sc., b.com, bca",ug,state government,regular,yes (girls only),7400,yes (sc/bc/ews/merit),0130-2236789,gcwsonipat2@haryana.gov.in,www.gcwsonipat2.ac.in,merit-based,no,1800,rohtak division,"library, labs, sports",35,Government Women's College,naac,2025-02-10,40,No,True,https://admissions.highereduhry.ac.in/Home,ug
HRY071,government engineering college sirsa,engineering,sirsa,dcrust murthal,2014.0,nba,"b.tech (cs, me, ce)",ug,state government,regular,yes (boys & girls),64000,yes (sc/bc/ews),01666-251234,gecsirsa@haryana.gov.in,www.gecsirsa.ac.in,jee main + hstes,yes,480,hisar division,"labs, wi-fi campus, library",27,Government Engineering College,nba,2025-02-01,60,JEE Main,True,https://admissions.highereduhry.ac.in/Home,ug
HRY072,government college bilaspur,arts & science,bilaspur,kurukshetra university,1986.0,naac b,"b.a., b.com",ug,state government,regular,no,6500,yes (sc/bc/ews),01743-274567,gcbilaspur@haryana.gov.in,www.gcbilaspur.ac.in,merit-based,no,1000,ambala division,"library, basic labs",61,Government,naac,2025-03-08,40,No,True,https://admissions.highereduhry.ac.in/Homekuk.ac.in/admission,ug
HRY073,government college kalayat,arts & science,kalayat,kurukshetra university,1987.0,naac b,"b.a., b.com",ug,state government,regular,no,6500,yes (sc/bc/ews),01746-269890,gckalayat@haryana.gov.in,www.gckalayat.ac.in,merit-based,no,1000,ambala division,"library, basic labs",62,Government,naac,2025-03-09,40,No,True,https://admissions.highereduhry.ac.in/Homekuk.ac.in/admission,ug
HRY074,government college for women mahendragarh,women's college,mahendragarh,maharshi dayanand university,1976.0,naac b+,"b.a., b.sc., b.com",ug,state government,regular,yes (girls only),7100,yes (sc/bc/ews/merit),01285-250123,gcwmahendragarh@haryana.gov.in,www.gcwmahendragarh.ac.in,merit-based,no,1600,rohtak division,"library, computer lab, sports",40,Government Women's College,naac,2025-02-11,40,No,True,https://admissions.highereduhry.ac.in/SearchCollege,ug
HRY075,government polytechnic sirsa,polytechnic,sirsa,board of technical education haryana,1969.0,nba,"diploma in mechanical, civil, electrical, cs",diploma,state government,regular,yes (boys),11000,yes (sc/bc/ews/iti),01666-248234,gpsirsa@haryana.gov.in,www.gpsirsa.ac.in,hstes polytechnic entrance,yes,1200,hisar division,"workshops, labs, computer center",19,Government Polytechnic,nba,2025-02-02,35,HSTES Polytechnic,True,https://admissions.highereduhry.ac.in/Homekuk.ac.in/admission,diploma
HRY076,government college nangal chaudhary,arts & science,nangal chaudhary,maharshi dayanand university,1988.0,naac b,"b.a., b.com",ug,state government,regular,no,6500,yes (sc/bc/ews),01285-275234,gcnangalchaudhary@haryana.gov.in,www.gcnangalchaudhary.ac.in,merit-based,no,900,rohtak division,"library, basic labs",63,Government,naac,2025-03-10,40,No,True,https://admissions.highereduhry.ac.in/SearchCollege,ug
HRY077,government medical college ambala,medical,ambala,pgims rohtak,2021.0,nmc approved,mbbs,ug,state government,regular,yes (boys & girls),27500,yes (sc/bc/ews),0171-2652345,gmcambala@haryana.gov.in,www.gmcambala.ac.in,neet ug + state counselling,yes,500,ambala division,"hospital, labs, library",21,Government Medical College,nmc,2025-02-17,50,NEET UG,True,https://admissions.highereduhry.ac.in/Homeuhsr.ac.in/admission,ug
HRY078,government college indri,arts & science,indri,kurukshetra university,1989.0,naac b,"b.a., b.com",ug,state government,regular,no,6500,yes (sc/bc/ews),01742-286789,gcindri@haryana.gov.in,www.gcindri.ac.in,merit-based,no,900,karnal division,"library, basic labs",64,Government,naac,2025-03-11,40,No,True,https://admissions.highereduhry.ac.in/Homekuk.ac.in/admission,ug
HRY079,government college for women ambala,women's college,ambala,kurukshetra university,1962.0,naac a,"b.a., b.sc., b.com, bca, m.a.","ug, pg",state government,regular,yes (girls only),8200,yes (sc/bc/ews/merit),0171-2638901,gcwambala@haryana.gov.in,www.gcwambala.ac.in,merit + ku cet,yes,2500,ambala division,"labs, library, auditorium, sports",14,Government Women's College,naac,2025-01-15,45,KU CET (PG),True,https://admissions.highereduhry.ac.in/Homekuk.ac.in/admission,"ug, pg"
HRY080,government college ratia,arts & science,ratia,chaudhary devi lal university,1990.0,naac b,"b.a., b.com",ug,state government,regular,no,6500,yes (sc/bc/ews),01699-262678,gcratia@haryana.gov.in,www.gcratia.ac.in,merit-based,no,900,hisar division,"library, basic labs",65,Government,naac,2025-03-12,40,No,True,https://admissions.highereduhry.ac.in/Home,ug
HRY081,government college uklana,arts & science,uklana,chaudhary devi lal university,1991.0,naac b,"b.a., b.com",ug,state government,regular,no,6500,yes (sc/bc/ews),01662-285456,gcuklana@haryana.gov.in,www.gcuklana.ac.in,merit-based,no,900,hisar division,"library, basic labs",66,Government,naac,2025-03-13,40,No,True,https://admissions.highereduhry.ac.in/Home,ug
HRY082,government college for women palwal,women's college,palwal,maharshi dayanand university,1977.0,naac b,"b.a., b.com",ug,state government,regular,yes (girls only),6900,yes (sc/bc/ews/merit),01275-240234,gcwpalwal@haryana.gov.in,www.gcwpalwal.ac.in,merit-based,no,1400,gurugram division,"library, computer lab",44,Government Women's College,naac,2025-02-12,40,No,True,https://admissions.highereduhry.ac.in/SearchCollege,ug
HRY083,government polytechnic rewari,polytechnic,rewari,board of technical education haryana,1970.0,nba,"diploma in mechanical, civil, electrical, cs",diploma,state government,regular,yes (boys),11000,yes (sc/bc/ews/iti),01274-222678,gprewari@haryana.gov.in,www.gprewari.ac.in,hstes polytechnic entrance,yes,1000,rohtak division,"workshops, labs, computer center",20,Government Polytechnic,nba,2025-02-05,35,HSTES Polytechnic,True,https://admissions.highereduhry.ac.in/Homekuk.ac.in/admission,diploma
HRY084,government college safidon,arts & science,safidon,maharshi dayanand university,1977.0,naac b,"b.a., b.sc., b.com",ug,state government,regular,no,6700,yes (sc/bc/ews),01681-268345,gcsafidon@haryana.gov.in,www.gcsafidon.ac.in,merit-based,no,1200,rohtak division,"library, basic labs",50,Government,naac,2025-03-14,40,No,True,https://admissions.highereduhry.ac.in/SearchCollege,ug
HRY085,government engineering college gurugram,engineering,gurugram,dcrust murthal,2012.0,nba,"b.tech (cs, me, ce, ee, ece)",ug,state government,regular,yes (boys & girls),70000,yes (sc/bc/ews/sports),0124-2225678,gecgurugram@haryana.gov.in,www.gecgurugram.ac.in,jee main + hstes,yes,1200,gurugram division,"labs, wi-fi campus, library, hostels",16,Government Engineering College,nba,2025-01-04,60,JEE Main,True,https://admissions.highereduhry.ac.in/Home,ug
HRY086,government college for women bahadurgarh,women's college,bahadurgarh,maharshi dayanand university,1979.0,naac b+,"b.a., b.sc., b.com",ug,state government,regular,yes (girls only),7200,yes (sc/bc/ews/merit),01276-238901,gcwbahadurgarh@haryana.gov.in,www.gcwbahadurgarh.ac.in,merit-based,no,1700,rohtak division,"library, computer lab, sports",38,Government Women's College,naac,2025-02-13,40,No,True,https://admissions.highereduhry.ac.in/SearchCollege,ug
HRY087,government college barwala,arts & science,barwala,chaudhary devi lal university,1982.0,naac b,"b.a., b.com",ug,state government,regular,no,6600,yes (sc/bc/ews),01699-250345,gcbarwala@haryana.gov.in,www.gcbarwala.ac.in,merit-based,no,1000,hisar division,"library, basic labs",67,Government,naac,2025-03-15,40,No,True,https://admissions.highereduhry.ac.in/Home,ug
HRY088,government college for women narwana,women's college,narwana,chaudhary devi lal university,1982.0,naac b,"b.a., b.com",ug,state government,regular,yes (girls only),6900,yes (sc/bc/ews/merit),01681-253678,gcwnarwana@haryana.gov.in,www.gcwnarwana.ac.in,merit-based,no,1200,hisar division,"library, computer lab",43,Government Women's College,naac,2025-02-14,40,No,True,https://admissions.highereduhry.ac.in/Home,ug
HRY089,government polytechnic sonipat,polytechnic,sonipat,board of technical education haryana,1968.0,nba,"diploma in mechanical, civil, electrical, cs",diploma,state government,regular,yes (boys),11100,yes (sc/bc/ews/iti),0130-2235678,gpsonipat@haryana.gov.in,www.gpsonipat.ac.in,hstes polytechnic entrance,yes,1200,rohtak division,"workshops, labs, computer center",17,Government Polytechnic,nba,2025-02-06,35,HSTES Polytechnic,True,https://admissions.highereduhry.ac.in/Homekuk.ac.in/admission,diploma
HRY090,government medical college kanal,medical,karnal,pgims rohtak,2017.0,nmc approved,mbbs,ug,state government,regular,yes (boys & girls),25500,yes (sc/bc/ews),0184-2261234,gmckarnal@haryana.gov.in,www.gmckarnal.ac.in,neet ug + state counselling,yes,600,karnal division,"hospital, labs, library",16,Government Medical College,nmc,2025-01-10,50,NEET UG,True,https://admissions.highereduhry.ac.in/Homeuhsr.ac.in/admission,ug
HRY091,government college pataudi,arts & science,pataudi,maharshi dayanand university,1985.0,naac b,"b.a., b.com",ug,state government,regular,no,6600,yes (sc/bc/ews),01284-251234,gcpataudi@haryana.gov.in,www.gcpataudi.ac.in,merit-based,no,900,gurugram division,"library, basic labs",68,Government,naac,2025-03-16,40,No,True,https://admissions.highereduhry.ac.in/SearchCollege,ug
HRY092,government college for women gohana,women's college,gohana,maharshi dayanand university,1981.0,naac b,"b.a., b.com",ug,state government,regular,yes (girls only),6900,yes (sc/bc/ews/merit),01263-254567,gcwgohana@haryana.gov.in,www.gcwgohana.ac.in,merit-based,no,1100,rohtak division,"library, computer lab",46,Government Women's College,naac,2025-02-15,40,No,True,https://admissions.highereduhry.ac.in/SearchCollege,ug
HRY093,government engineering college mahendragarh,engineering,mahendragarh,dcrust murthal,2016.0,nba,"b.tech (cs, me, ce)",ug,state government,regular,yes (boys & girls),63000,yes (sc/bc/ews),01285-257890,gecmahendragarh@haryana.gov.in,www.gecmahendragarh.ac.in,jee main + hstes,yes,480,rohtak division,"labs, wi-fi campus, library",28,Government Engineering College,nba,2025-02-02,60,JEE Main,True,https://admissions.highereduhry.ac.in/Home,ug
HRY094,government college charkhi dadri,arts & science,charkhi dadri,maharshi dayanand university,1975.0,naac b+,"b.a., b.sc., b.com, m.a.","ug, pg",state government,regular,yes (boys),7200,yes (sc/bc/ews/sports),01250-223456,gccharkhidadri@haryana.gov.in,www.gccharkhidadri.ac.in,merit-based,no,2000,rohtak division,"library, labs, sports ground",33,Government,naac,2025-02-19,45,No,True,http://gpgcchdadri.ac.in/,"ug, pg"
HRY095,government college for women charkhi dadri,women's college,charkhi dadri,maharshi dayanand university,1978.0,naac b,"b.a., b.com",ug,state government,regular,yes (girls only),7000,yes (sc/bc/ews/merit),01250-225678,gcwcharkhidadri@haryana.gov.in,www.gcwcharkhidadri.ac.in,merit-based,no,1300,rohtak division,"library, computer lab",45,Government Women's College,naac,2025-02-20,40,No,True,https://admissions.highereduhry.ac.in/SearchCollege,ug
HRY096,government polytechnic bhiwani,polytechnic,bhiwani,board of technical education haryana,1966.0,nba,"diploma in mechanical, civil, electrical, cs, ece",diploma,state government,regular,yes (boys),11400,yes (sc/bc/ews/iti),01664-242890,gpbhiwani@haryana.gov.in,www.gpbhiwani.ac.in,hstes polytechnic entrance,yes,1400,hisar division,"workshops, labs, computer center",15,Government Polytechnic,nba,2025-02-07,35,HSTES Polytechnic,True,https://admissions.highereduhry.ac.in/Homekuk.ac.in/admission,diploma
HRY097,government medical college gurugram,medical,gurugram,pgims rohtak,2020.0,nmc approved,mbbs,ug,state government,regular,yes (boys & girls),28000,yes (sc/bc/ews),0124-2323456,gmcgurugram@haryana.gov.in,www.gmcgurugram.ac.in,neet ug + state counselling,yes,600,gurugram division,"hospital, labs, library, icu",18,Government Medical College,nmc,2025-02-18,50,NEET UG,True,https://admissions.highereduhry.ac.in/Homeuhsr.ac.in/admission,ug
HRY098,government college mullana,arts & science,mullana,kurukshetra university,1984.0,naac b,"b.a., b.sc., b.com",ug,state government,regular,no,6700,yes (sc/bc/ews),01733-286678,gcmullana@haryana.gov.in,www.gcmullana.ac.in,merit-based,no,1200,ambala division,"library, basic labs",48,Government,naac,2025-03-17,40,No,True,https://admissions.highereduhry.ac.in/Homekuk.ac.in/admission,ug
HRY099,government college for women sirsa (new),women's college,sirsa,chaudhary devi lal university,2003.0,naac b,"b.a., b.com",ug,state government,regular,yes (girls only),6900,yes (sc/bc/ews/merit),01666-244789,gcwsirsa2@haryana.gov.in,www.gcwsirsa2.ac.in,merit-based,no,1100,hisar division,"library, computer lab",47,Government Women's College,naac,2025-02-21,40,No,True,https://admissions.highereduhry.ac.in/Home,ug
HRY100,government engineering college jhajjar,engineering,jhajjar,dcrust murthal,2016.0,nba,"b.tech (cs, me, ce, ee)",ug,state government,regular,yes (boys & girls),63500,yes (sc/bc/ews/sports),01251-257890,gecjhajjar@haryana.gov.in,www.gecjhajjar.ac.in,jee main + hstes,yes,480,rohtak division,"labs, wi-fi campus, library, hostels",29,Government Engineering College,nba,2025-02-09,60,JEE Main,True,https://admissions.highereduhry.ac.in/Home,ug
